<?xml version="1.0" encoding="UTF-8"?>
<con:soapui-project id="b616e7c1-a2b1-4072-9ec3-b61ab0163692" activeEnvironment="Default" name="API Gateway" resourceRoot="${projectDir}" soapui-version="5.5.0" abortOnError="false" runType="SEQUENTIAL" xmlns:con="http://eviware.com/soapui/config"><con:settings/><con:interface xsi:type="con:RestService" id="d376cd06-bc8c-4cfa-af99-fa562fb5b7b2" wadlVersion="http://wadl.dev.java.net/2009/02" name="http://localhost:3000" type="rest" xmlns:xsi="http://www.w3.org/2001/XMLSchema-instance"><con:settings/><con:definitionCache/><con:endpoints><con:endpoint>http://localhost:3000</con:endpoint></con:endpoints><con:resource name="" path="" id="4eaeabbc-9f28-4b39-a245-145a812dfc20"><con:settings/><con:parameters/><con:resource name="register" path="/api/auth/register" id="514fbd27-c633-4991-8172-6307a4a904c5"><con:settings/><con:parameters/><con:method name="Method 1" id="e5546826-ab01-49a7-9622-62ff4e98a7f8" method="POST"><con:settings/><con:parameters/><con:representation type="FAULT"><con:mediaType>text/html; charset=utf-8</con:mediaType><con:status>404 500</con:status><con:params/><con:element>html</con:element></con:representation><con:representation type="REQUEST"><con:mediaType>application/x-www-form-urlencoded</con:mediaType><con:params/></con:representation><con:representation type="RESPONSE"><con:mediaType xsi:nil="true"/><con:status>0</con:status><con:params/><con:element>data</con:element></con:representation><con:representation type="RESPONSE"><con:mediaType xsi:nil="true"/><con:status>0</con:status><con:params/><con:element>data</con:element></con:representation><con:representation type="RESPONSE"><con:mediaType>application/json; charset=utf-8</con:mediaType><con:status>200</con:status><con:params/><con:element xmlns:reg="http://localhost/auth/api/register">reg:Response</con:element></con:representation><con:representation type="RESPONSE"><con:mediaType xsi:nil="true"/><con:status>0</con:status><con:params/><con:element>data</con:element></con:representation><con:request name="Request 1" id="4f6e3cf9-32f9-479b-ab6e-164a00a909cd" mediaType="application/x-www-form-urlencoded" postQueryString="false"><con:settings><con:setting id="com.eviware.soapui.impl.wsdl.WsdlRequest@request-headers">&lt;xml-fragment/></con:setting></con:settings><con:endpoint>http://localhost:3000</con:endpoint><con:request>grant_type=password&amp;username=jabrown87&amp;password=speed9000&amp;email=jamesbbb4@gmail.com</con:request><con:originalUri>http://localhost/auth/api/register</con:originalUri><con:credentials><con:authType>No Authorization</con:authType></con:credentials><con:jmsConfig JMSDeliveryMode="PERSISTENT"/><con:jmsPropertyConfig/><con:parameters/></con:request></con:method></con:resource><con:resource name="token" path="/api/auth/token" id="6182e06b-8b88-4565-aa51-9a770896c73c"><con:settings/><con:parameters/><con:method name="Method 1" id="f24484f1-f4da-4a5c-8f55-4adb2cd9dc87" method="GET"><con:settings/><con:parameters/><con:representation type="FAULT"><con:mediaType>text/html; charset=utf-8</con:mediaType><con:status>500</con:status><con:params/><con:element>html</con:element></con:representation><con:representation type="RESPONSE"><con:mediaType>application/json; charset=utf-8</con:mediaType><con:status>200</con:status><con:params/><con:element xmlns:tok="http://localhost/api/auth/token">tok:Response</con:element></con:representation><con:request name="Request 1" id="eecdbba1-0af3-488e-ad7a-b61cdf0d2288" mediaType="application/json"><con:settings><con:setting id="com.eviware.soapui.impl.wsdl.WsdlRequest@request-headers">&lt;entry key="x-access-token" value="eyJhbGciOiJIUzI1NiIsInR5cCI6IkpXVCJ9.eyJpZCI6IjVlZDQ2MWEzODU2NjMzMzE1MWJiMWZhZSIsImlhdCI6MTU5MDk3NjkzMSwiZXhwIjoxNTkxMDYzMzMxfQ.1OQESHbSfOmj41YgeKTZQ75QEqF-o3QxBcKCDhoIXdo" xmlns="http://eviware.com/soapui/config"/></con:setting></con:settings><con:endpoint>http://localhost:3000</con:endpoint><con:request/><con:originalUri>http://localhost/api/auth/token</con:originalUri><con:credentials><con:authType>No Authorization</con:authType></con:credentials><con:jmsConfig JMSDeliveryMode="PERSISTENT"/><con:jmsPropertyConfig/><con:parameters/></con:request></con:method></con:resource><con:method name="1" id="33c7cbc6-ea67-42ec-ac4d-214538aec752" method="GET"><con:settings/><con:parameters/><con:request name="Request 1" id="3135ed59-644c-40fa-ab75-eccddf38e75a" mediaType="application/json"><con:settings/><con:endpoint>http://localhost:3000</con:endpoint><con:request/><con:credentials><con:authType>No Authorization</con:authType></con:credentials><con:jmsConfig JMSDeliveryMode="PERSISTENT"/><con:jmsPropertyConfig/><con:parameters/></con:request></con:method></con:resource></con:interface><con:properties/><con:wssContainer/><con:oAuth2ProfileContainer/><con:oAuth1ProfileContainer/><con:sensitiveInformation/></con:soapui-project>